{
  "国标" : {
    "transaction" : "国标",
    "sampleCount" : 2235989,
    "errorCount" : 0,
    "errorPct" : 0.0,
    "meanResTime" : 2.721635482106556,
    "medianResTime" : 1.0,
    "minResTime" : 0.0,
    "maxResTime" : 210.0,
    "pct1ResTime" : 3.0,
    "pct2ResTime" : 3.0,
    "pct3ResTime" : 4.0,
    "throughput" : 2838.8103853234306,
    "receivedKBytesPerSec" : 55.44551533834825,
    "sentKBytesPerSec" : 401.97998620302485
  },
  "MQTT Connect " : {
    "transaction" : "MQTT Connect ",
    "sampleCount" : 14992,
    "errorCount" : 0,
    "errorPct" : 0.0,
    "meanResTime" : 14.424626467449249,
    "medianResTime" : 8.0,
    "minResTime" : 5.0,
    "maxResTime" : 1249.0,
    "pct1ResTime" : 12.0,
    "pct2ResTime" : 14.0,
    "pct3ResTime" : 129.20999999999913,
    "throughput" : 74.48367688631204,
    "receivedKBytesPerSec" : 0.8001176228021801,
    "sentKBytesPerSec" : 0.0
  },
  "Total" : {
    "transaction" : "Total",
    "sampleCount" : 8944007,
    "errorCount" : 0,
    "errorPct" : 0.0,
    "meanResTime" : 2.863412673983722,
    "medianResTime" : 1.0,
    "minResTime" : 0.0,
    "maxResTime" : 1249.0,
    "pct1ResTime" : 3.0,
    "pct2ResTime" : 3.0,
    "pct3ResTime" : 4.0,
    "throughput" : 11350.07544291782,
    "receivedKBytesPerSec" : 221.51394849291825,
    "sentKBytesPerSec" : 4119.171218909539
  },
  "事件企标" : {
    "transaction" : "事件企标",
    "sampleCount" : 2221025,
    "errorCount" : 0,
    "errorPct" : 0.0,
    "meanResTime" : 3.028652986796592,
    "medianResTime" : 1.0,
    "minResTime" : 0.0,
    "maxResTime" : 215.0,
    "pct1ResTime" : 3.0,
    "pct2ResTime" : 3.0,
    "pct3ResTime" : 4.0,
    "throughput" : 2834.248721986427,
    "receivedKBytesPerSec" : 55.35642035129741,
    "sentKBytesPerSec" : 196.5152922471058
  },
  "心跳 " : {
    "transaction" : "心跳 ",
    "sampleCount" : 2236004,
    "errorCount" : 0,
    "errorPct" : 0.0,
    "meanResTime" : 2.8228335011923607,
    "medianResTime" : 1.0,
    "minResTime" : 0.0,
    "maxResTime" : 216.0,
    "pct1ResTime" : 3.0,
    "pct2ResTime" : 3.0,
    "pct3ResTime" : 4.0,
    "throughput" : 2838.7861798588733,
    "receivedKBytesPerSec" : 55.44504257536862,
    "sentKBytesPerSec" : 60.98954683290548
  },
  "企标" : {
    "transaction" : "企标",
    "sampleCount" : 2235997,
    "errorCount" : 0,
    "errorPct" : 0.0,
    "meanResTime" : 2.80411869962254,
    "medianResTime" : 1.0,
    "minResTime" : 0.0,
    "maxResTime" : 209.0,
    "pct1ResTime" : 3.0,
    "pct2ResTime" : 3.0,
    "pct3ResTime" : 4.0,
    "throughput" : 2838.8205421189614,
    "receivedKBytesPerSec" : 55.445713713260965,
    "sentKBytesPerSec" : 3462.5848213931476
  }
}